data_hora,produto_id,drogaria,filial,modalidade,condicao_preco,valor_total,quantidade_caixas,custo_por_caixa,frete,estoque,fonte,url,observacoes
2026-09-25 16:27:27,MED001,Drogasmil,"Praça Saenz Peña, 29 — Tijuca",Online — retirada,Preço comum,27.8,1,27.8,0.0,Não confirmado,Site — catálogo online,,Puran T4 Sanofi 112mcg 30 comp
2026-09-25 16:27:27,MED004,Drogasmil,"Praça Saenz Peña, 29 — Tijuca",Online — retirada,Preço comum,64.31,1,64.31,0.0,Não confirmado,Site — catálogo online,,Kalist 2mg Aché 28 comp
2026-09-25 16:27:27,MED007,Drogarias Pacheco,"Rua Conde de Bonfim, 580 — Tijuca",Online — retirada,Preço comum,9.9,1,9.9,0.0,Não confirmado,Site — catálogo online,,Dipirona 1g Aspdip 10 comp
2026-09-25 16:27:27,MED007,Drogaria Venancio,"Rua Conde de Bonfim, 532 — Tijuca",Online — retirada,Preço comum,9.39,1,9.39,0.0,Não confirmado,Site — catálogo online,,Dipirona 1g Prati Donaduzzi 10 comp
2026-09-25 16:27:27,MED006,Drogarias Pacheco,"Rua Conde de Bonfim, 580 — Tijuca",Online — retirada,Preço comum,25.5,1,25.5,0.0,Não confirmado,Site — catálogo online,,Rosuvastatina Cálcica 5mg Eurofarma 30 comp
2026-09-25 16:27:27,MED006,Drogaria Venancio,"Rua Conde de Bonfim, 532 — Tijuca",Online — retirada,Preço comum,24.99,1,24.99,0.0,Não confirmado,Site — catálogo online,,Rosuvastatina Cálcica 5mg Medley 30 comp
2026-09-25 16:27:27,MED006,Drogasmil,"Praça Saenz Peña, 29 — Tijuca",Online — retirada,Preço comum,24.0,1,24.0,0.0,Não confirmado,Site — catálogo online,,Rosuvastatina Cálcica 5mg EMS 30 comp
2026-09-25 16:27:27,MED005,Drogasmil,"Praça Saenz Peña, 29 — Tijuca",Online — retirada,Preço comum,50.7,3,16.9,0.0,Não confirmado,Site — catálogo online,,"Hemifumarato de Quetiapina 25mg EMS (3 cx a R$ 16,90)"
2026-09-25 16:27:27,MED005,Drogarias Pacheco,"Rua Conde de Bonfim, 580 — Tijuca",Online — retirada,Preço comum,47.4,3,15.8,0.0,Não confirmado,Site — catálogo online,,"Hemifumarato de Quetiapina 25mg Eurofarma (3 cx a R$ 15,80)"
2026-09-25 16:27:27,MED005,Drogaria Venancio,"Rua Conde de Bonfim, 532 — Tijuca",Online — retirada,Preço comum,43.5,3,14.5,0.0,Não confirmado,Site — catálogo online,,"Hemifumarato de Quetiapina 25mg Biolab (3 cx a R$ 14,50)"
2026-09-25 16:27:27,MED004,Drogarias Pacheco,"Rua Conde de Bonfim, 580 — Tijuca",Online — retirada,Preço comum,61.24,1,61.24,0.0,Não confirmado,Site — catálogo online,,Kalist 2mg Aché 28 comp
2026-09-25 16:27:27,MED001,Drogaria Venancio,"Rua Conde de Bonfim, 532 — Tijuca",Online — retirada,Preço comum,29.18,1,29.18,0.0,Não confirmado,Site — catálogo online,,Puran T4 Sanofi 112mcg 30 comp
2026-09-25 16:27:27,MED004,Drogaria Venancio,"Rua Conde de Bonfim, 532 — Tijuca",Online — retirada,Preço comum,36.88,1,36.88,0.0,Não confirmado,Site — catálogo online,,Dienogeste 2mg EMS 30 comp
2026-09-25 16:27:27,MED003,Drogarias Pacheco,"Rua Conde de Bonfim, 580 — Tijuca",Online — retirada,Preço comum,97.5,1,97.5,0.0,Não confirmado,Site — catálogo online,,Bup XL 300mg Eurofarma 30 comp
2026-09-25 16:27:27,MED003,Drogasmil,"Praça Saenz Peña, 29 — Tijuca",Online — retirada,Preço comum,96.9,1,96.9,0.0,Não confirmado,Site — catálogo online,,Bup XL 300mg Eurofarma 30 comp
2026-09-25 16:27:27,MED003,Drogaria Venancio,"Rua Conde de Bonfim, 532 — Tijuca",Online — retirada,Preço comum,96.53,1,96.53,0.0,Não confirmado,Site — catálogo online,,Bup XL 300mg Eurofarma 30 comp
2026-09-25 16:27:27,MED002,Drogarias Pacheco,"Rua Conde de Bonfim, 580 — Tijuca",Online — retirada,Preço comum,16.5,1,16.5,0.0,Não confirmado,Site — catálogo online,,Cloridrato de Sertralina 50mg 30 comp Eurofarma
2026-09-25 16:27:27,MED002,Drogasmil,"Praça Saenz Peña, 29 — Tijuca",Online — retirada,Preço comum,15.99,1,15.99,0.0,Não confirmado,Site — catálogo online,,Cloridrato de Sertralina 50mg 30 comp Medley
2026-09-25 16:27:27,MED002,Drogaria Venancio,"Rua Conde de Bonfim, 532 — Tijuca",Online — retirada,Preço comum,12.99,1,12.99,0.0,Não confirmado,Site — catálogo online,,Cloridrato de Sertralina 50mg 30 comp EMS
2026-09-25 16:27:27,MED001,Drogarias Pacheco,"Rua Conde de Bonfim, 580 — Tijuca",Online — retirada,Preço comum,29.35,1,29.35,0.0,Não confirmado,Site — catálogo online,,Puran T4 Sanofi 112mcg 30 comp
2026-09-25 16:27:27,MED007,Drogasmil,"Praça Saenz Peña, 29 — Tijuca",Online — retirada,Preço comum,10.99,1,10.99,0.0,Não confirmado,Site — catálogo online,,Dipirona 1g Neo Química 10 comp
