data_hora,produto_id,drogaria,filial,laboratorio,modalidade,condicao_preco,valor_total,quantidade_caixas,custo_por_caixa,frete,estoque,fonte,url,observacoes
2026-09-25 16:27:27,MED001,Drogasmil,"Praça Saenz Peña, 29 — Tijuca",Sanofi (Puran T4),Online — retirada,Preço comum,27.8,1,27.8,0.0,Não confirmado,Site — catálogo online,,Puran T4 Sanofi 112mcg 30 comp
2026-09-25 16:27:27,MED001,Drogaria Venancio,"Rua Conde de Bonfim, 532 — Tijuca",Sanofi (Puran T4),Online — retirada,Preço comum,29.18,1,29.18,0.0,Não confirmado,Site — catálogo online,,Puran T4 Sanofi 112mcg 30 comp
2026-09-25 16:27:27,MED001,Drogarias Pacheco,"Rua Conde de Bonfim, 580 — Tijuca",Sanofi (Puran T4),Online — retirada,Preço comum,29.35,1,29.35,0.0,Não confirmado,Site — catálogo online,,Puran T4 Sanofi 112mcg 30 comp
2026-09-25 16:27:27,MED002,Drogaria Venancio,"Rua Conde de Bonfim, 532 — Tijuca",EMS,Online — retirada,Preço comum,12.99,1,12.99,0.0,Não confirmado,Site — catálogo online,,Cloridrato de Sertralina 50mg 30 comp EMS
2026-09-25 16:27:27,MED002,Drogasmil,"Praça Saenz Peña, 29 — Tijuca",Medley,Online — retirada,Preço comum,15.99,1,15.99,0.0,Não confirmado,Site — catálogo online,,Cloridrato de Sertralina 50mg 30 comp Medley
2026-09-25 16:27:27,MED002,Drogarias Pacheco,"Rua Conde de Bonfim, 580 — Tijuca",Eurofarma,Online — retirada,Preço comum,16.5,1,16.5,0.0,Não confirmado,Site — catálogo online,,Cloridrato de Sertralina 50mg 30 comp Eurofarma
2026-09-25 16:27:27,MED003,Drogaria Venancio,"Rua Conde de Bonfim, 532 — Tijuca",Eurofarma,Online — retirada,Preço comum,96.53,1,96.53,0.0,Não confirmado,Site — catálogo online,,Bup XL 300mg Eurofarma 30 comp
2026-09-25 16:27:27,MED003,Drogasmil,"Praça Saenz Peña, 29 — Tijuca",Eurofarma,Online — retirada,Preço comum,96.9,1,96.9,0.0,Não confirmado,Site — catálogo online,,Bup XL 300mg Eurofarma 30 comp
2026-09-25 16:27:27,MED003,Drogarias Pacheco,"Rua Conde de Bonfim, 580 — Tijuca",Eurofarma,Online — retirada,Preço comum,97.5,1,97.5,0.0,Não confirmado,Site — catálogo online,,Bup XL 300mg Eurofarma 30 comp
2026-09-25 16:27:27,MED004,Drogaria Venancio,"Rua Conde de Bonfim, 532 — Tijuca",EMS,Online — retirada,Preço comum,36.88,1,36.88,0.0,Não confirmado,Site — catálogo online,,Dienogeste 2mg EMS 30 comp
2026-09-25 16:27:27,MED004,Drogarias Pacheco,"Rua Conde de Bonfim, 580 — Tijuca",Aché,Online — retirada,Preço comum,61.24,1,61.24,0.0,Não confirmado,Site — catálogo online,,Kalist 2mg Aché 28 comp
2026-09-25 16:27:27,MED004,Drogasmil,"Praça Saenz Peña, 29 — Tijuca",Aché,Online — retirada,Preço comum,64.31,1,64.31,0.0,Não confirmado,Site — catálogo online,,Kalist 2mg Aché 28 comp
2026-09-25 16:27:27,MED005,Drogaria Venancio,"Rua Conde de Bonfim, 532 — Tijuca",Biolab,Online — retirada,Preço comum,43.5,3,14.5,0.0,Não confirmado,Site — catálogo online,,"Hemifumarato de Quetiapina 25mg Biolab (3 cx a R$ 14,50)"
2026-09-25 16:27:27,MED005,Drogarias Pacheco,"Rua Conde de Bonfim, 580 — Tijuca",Eurofarma,Online — retirada,Preço comum,47.4,3,15.8,0.0,Não confirmado,Site — catálogo online,,"Hemifumarato de Quetiapina 25mg Eurofarma (3 cx a R$ 15,80)"
2026-09-25 16:27:27,MED005,Drogasmil,"Praça Saenz Peña, 29 — Tijuca",EMS,Online — retirada,Preço comum,50.7,3,16.9,0.0,Não confirmado,Site — catálogo online,,"Hemifumarato de Quetiapina 25mg EMS (3 cx a R$ 16,90)"
2026-09-25 16:27:27,MED006,Drogasmil,"Praça Saenz Peña, 29 — Tijuca",EMS,Online — retirada,Preço comum,24.0,1,24.0,0.0,Não confirmado,Site — catálogo online,,Rosuvastatina Cálcica 5mg EMS 30 comp
2026-09-25 16:27:27,MED006,Drogaria Venancio,"Rua Conde de Bonfim, 532 — Tijuca",Medley,Online — retirada,Preço comum,24.99,1,24.99,0.0,Não confirmado,Site — catálogo online,,Rosuvastatina Cálcica 5mg Medley 30 comp
2026-09-25 16:27:27,MED006,Drogarias Pacheco,"Rua Conde de Bonfim, 580 — Tijuca",Eurofarma,Online — retirada,Preço comum,25.5,1,25.5,0.0,Não confirmado,Site — catálogo online,,Rosuvastatina Cálcica 5mg Eurofarma 30 comp
2026-09-25 16:27:27,MED007,Drogasmil,"Praça Saenz Peña, 29 — Tijuca",Novalgina (Sanofi),Online — retirada,Preço comum,18.7,1,18.7,0.0,Não confirmado,Site — catálogo online,,Novalgina 1g Sanofi 10 comp (Referência)
2026-09-25 16:27:27,MED007,Drogaria Venancio,"Rua Conde de Bonfim, 532 — Tijuca",Novalgina (Sanofi),Online — retirada,Preço comum,21.99,1,21.99,0.0,Não confirmado,Site — catálogo online,,Novalgina 1g Sanofi 10 comp (Referência)
2026-09-25 16:27:27,MED007,Drogarias Pacheco,"Rua Conde de Bonfim, 580 — Tijuca",Novalgina (Sanofi),Online — retirada,Preço comum,21.99,1,21.99,0.0,Não confirmado,Site — catálogo online,,Novalgina 1g Sanofi 10 comp (Referência)
2026-09-25 16:27:27,MED007,Drogaria Venancio,"Rua Conde de Bonfim, 532 — Tijuca",Lisador (Hypera),Online — retirada,Preço comum,24.49,1,24.49,0.0,Não confirmado,Site — catálogo online,,Lisador Dip 1g Hypera 10 comp (Similar)
2026-09-25 16:27:27,MED007,Drogarias Pacheco,"Rua Conde de Bonfim, 580 — Tijuca",Lisador (Hypera),Online — retirada,Preço comum,26.48,1,26.48,0.0,Não confirmado,Site — catálogo online,,Lisador Dip 1g Hypera 10 comp (Similar)
2026-09-25 17:00:14,MED002,Droga Raia,"Rua Conde de Bonfim, 536 — Tijuca",Medley / EMS,Online — retirada,Preço comum,16.99,1,16.99,0.0,Não confirmado,Site — conferência manual,https://www.drogaraia.com.br/sertralina-50mg-medley-30-comprimidos.html,Conferido no site da Raia. medley
2026-09-25 17:00:14,MED002,Droga Raia,"Rua Conde de Bonfim, 536 — Tijuca",Medley / EMS,Online — retirada,Promoção por quantidade,28.88,2,14.44,0.0,Não confirmado,Site — conferência manual,https://www.drogaraia.com.br/sertralina-50mg-medley-30-comprimidos.html,Promoção para 2 caixas a R$ 14.44 cada. medley
2026-09-25 17:28:55,MED001,Droga Raia,"Rua Conde de Bonfim, 536 — Tijuca",Sanofi Aventis,Online — retirada,Preço comum,28.49,1,28.49,0.0,Disponível para retirada,Print de tela / OCR,/prints/raia/raia_MED001_20260925_172852.png,Print comprovatório anexado. Print enviado e testado via OCR nativo
2026-09-25 17:34:08,MED002,Droga Raia,"Rua Conde de Bonfim, 536 — Tijuca",Medley,Online — retirada,Preço comum,16.99,1,16.99,0.0,Disponível para retirada,Print de tela / OCR,/prints/raia/raia_detect_20260925_173249.png,Print comprovatório anexado. Cotação via Print OCR (vigência de 3 dias).
2026-09-25 17:34:08,MED002,Droga Raia,"Rua Conde de Bonfim, 536 — Tijuca",Medley,Online — retirada,Promoção por quantidade,28.88,2,14.44,0.0,Disponível para retirada,Print de tela / OCR,/prints/raia/raia_detect_20260925_173249.png,Promoção Leve 2 por R$ 14.44 cada. Print comprovatório anexado. Cotação via Print OCR (vigência de 3 dias).
2026-09-25 17:37:21,MED002,Drogarias Pacheco,"Rua Conde de Bonfim, 580 — Tijuca",Medley / EMS,Online — retirada,Preço comum,169.9,1,169.9,0.0,Não confirmado,Site — coleta automática,https://www.drogariaspacheco.com.br/bio-q10-177429ace1412069e1774z2914a12072/p,Coleta automática. SKU: 935446706. Ref: R$ 169.9
2026-09-25 17:37:24,MED002,Drogaria Venancio,"Rua Conde de Bonfim, 532 — Tijuca",Medley / EMS,Online — retirada,Preço comum,16.49,1,16.49,0.0,Não confirmado,Site — coleta automática,https://www.drogariavenancio.com.br/cloridrato-de-sertralina-50mg-medley-30-comprimidos/p,Catálogo público Venancio. SKU: 3412. Ref: R$ 57.07
2026-09-25 17:37:24,MED002,Drogaria Venancio,"Rua Conde de Bonfim, 532 — Tijuca",Medley / EMS,Online — retirada,Promoção por quantidade,32.98,3,10.99,0.0,Não confirmado,Site — coleta automática,https://www.drogariavenancio.com.br/cloridrato-de-sertralina-50mg-medley-30-comprimidos/p,Promoção Leve 3 e Pague 2 identificada no catálogo. Total: R$ 32.98
2026-09-25 17:37:30,MED002,Drogasmil,"Praça Saenz Peña, 29 — Tijuca",Medley / EMS,Online — retirada,Preço comum,34.16,1,34.16,0.0,Não confirmado,Site — coleta automática,https://www.drogasmil.com.br/glifage-850mg-30-comprimidos/p,JSON-LD Drogasmil. SKU: 12015
2026-09-25 18:09:47,MED008,Drogaria Venancio,"Rua Conde de Bonfim, 532 — Tijuca",Vitafor,Online — retirada,Preço comum,109.9,1,109.9,0.0,Disponível para retirada,Site — catálogo online,https://www.drogariavenancio.com.br/omegafor-plus-1000mg-com-60-capsulas-vitafor/p,Omegafor Plus Vitafor 60 caps (2 ao dia)
2026-09-25 18:09:47,MED008,Drogasmil,"Praça Saenz Peña, 29 — Tijuca",Vitafor,Online — retirada,Preço comum,112.5,1,112.5,0.0,Disponível para retirada,Site — catálogo online,https://www.drogasmil.com.br/omegafor-plus-vitafor-60-capsulas/p,Omegafor Plus Vitafor 60 caps
2026-09-25 18:09:47,MED008,Drogarias Pacheco,"Rua Conde de Bonfim, 580 — Tijuca",Vitafor,Online — retirada,Preço comum,115.9,1,115.9,0.0,Disponível para retirada,Site — catálogo online,https://www.drogariaspacheco.com.br/omegafor-plus-vitafor-60-capsulas/p,Omegafor Plus Vitafor 60 caps
2026-09-25 18:09:47,MED008,Droga Raia,"Rua Conde de Bonfim, 536 — Tijuca",Vitafor,Online — retirada,Preço comum,114.9,1,114.9,0.0,Disponível para retirada,Print de tela / OCR,,Omegafor Plus Vitafor 60 caps (Cotação 3d)
2026-09-25 18:09:47,MED009,Drogaria Venancio,"Rua Conde de Bonfim, 532 — Tijuca",Addera D3 (Sanofi),Online — retirada,Preço comum,22.9,1,22.9,0.0,Disponível para retirada,Site — catálogo online,https://www.drogariavenancio.com.br/vitamina-d-7000ui-4-comprimidos/p,Vitamina D3 7.000 UI 4 comp (1x por semana)
2026-09-25 18:09:47,MED009,Drogasmil,"Praça Saenz Peña, 29 — Tijuca",Addera D3,Online — retirada,Preço comum,23.8,1,23.8,0.0,Disponível para retirada,Site — catálogo online,https://www.drogasmil.com.br/addera-d3-7000ui-4-capsulas/p,Addera D3 7.000 UI 4 cápsulas
2026-09-25 18:09:47,MED009,Drogarias Pacheco,"Rua Conde de Bonfim, 580 — Tijuca",Addera D3,Online — retirada,Preço comum,24.5,1,24.5,0.0,Disponível para retirada,Site — catálogo online,https://www.drogariaspacheco.com.br/addera-d3-7000ui-4-comprimidos/p,Addera D3 7.000 UI 4 comp
2026-09-25 18:09:47,MED009,Droga Raia,"Rua Conde de Bonfim, 536 — Tijuca",Addera D3,Online — retirada,Preço comum,24.9,1,24.9,0.0,Disponível para retirada,Print de tela / OCR,,Addera D3 7.000 UI 4 comp
2026-09-25 18:09:47,MED010,Drogasmil,"Praça Saenz Peña, 29 — Tijuca",Dove (Unilever),Online — retirada,Preço comum,17.5,1,17.5,0.0,Disponível para retirada,Site — catálogo online,https://www.drogasmil.com.br/desodorante-dove-invisible-care-150ml/p,Dove Invisible Care Aerosol 150ml
2026-09-25 18:09:47,MED010,Drogaria Venancio,"Rua Conde de Bonfim, 532 — Tijuca",Dove (Unilever),Online — retirada,Preço comum,17.99,1,17.99,0.0,Disponível para retirada,Site — catálogo online,https://www.drogariavenancio.com.br/desodorante-dove-aerosol-invisible-care-150ml/p,Dove Invisible Care Aerosol 150ml
2026-09-25 18:09:47,MED010,Drogarias Pacheco,"Rua Conde de Bonfim, 580 — Tijuca",Dove (Unilever),Online — retirada,Preço comum,18.49,1,18.49,0.0,Disponível para retirada,Site — catálogo online,https://www.drogariaspacheco.com.br/desodorante-dove-aerosol-invisible-care-150ml/p,Dove Invisible Care Aerosol 150ml
2026-09-25 18:09:47,MED010,Droga Raia,"Rua Conde de Bonfim, 536 — Tijuca",Dove (Unilever),Online — retirada,Preço comum,18.99,1,18.99,0.0,Disponível para retirada,Print de tela / OCR,,Dove Invisible Care Aerosol 150ml
2026-09-25 18:09:47,MED011,Drogasmil,"Praça Saenz Peña, 29 — Tijuca",L'Oréal Paris,Online — retirada,Preço comum,28.5,1,28.5,0.0,Disponível para retirada,Site — catálogo online,https://www.drogasmil.com.br/shampoo-elseve-collagen-lifter-400ml/p,Shampoo Elseve Collagen Lifter 400ml
2026-09-25 18:09:47,MED011,Drogaria Venancio,"Rua Conde de Bonfim, 532 — Tijuca",L'Oréal Paris,Online — retirada,Preço comum,28.9,1,28.9,0.0,Disponível para retirada,Site — catálogo online,https://www.drogariavenancio.com.br/shampoo-elseve-collagen-lifter-encorpador-400ml/p,Shampoo Elseve Collagen Lifter 400ml
2026-09-25 18:09:47,MED011,Drogarias Pacheco,"Rua Conde de Bonfim, 580 — Tijuca",L'Oréal Paris,Online — retirada,Preço comum,29.99,1,29.99,0.0,Disponível para retirada,Site — catálogo online,https://www.drogariaspacheco.com.br/shampoo-elseve-collagen-lifter-encorpador-400ml/p,Shampoo Elseve Collagen Lifter 400ml
2026-09-25 18:09:47,MED011,Droga Raia,"Rua Conde de Bonfim, 536 — Tijuca",L'Oréal Paris,Online — retirada,Preço comum,29.9,1,29.9,0.0,Disponível para retirada,Print de tela / OCR,,Shampoo Elseve Collagen Lifter 400ml
2026-09-25 18:09:47,MED012,Drogasmil,"Praça Saenz Peña, 29 — Tijuca",L'Oréal Paris,Online — retirada,Preço comum,31.5,1,31.5,0.0,Disponível para retirada,Site — catálogo online,https://www.drogasmil.com.br/condicionador-elseve-collagen-lifter-400ml/p,Condicionador Elseve Collagen Lifter 400ml
2026-09-25 18:09:47,MED012,Drogaria Venancio,"Rua Conde de Bonfim, 532 — Tijuca",L'Oréal Paris,Online — retirada,Preço comum,31.9,1,31.9,0.0,Disponível para retirada,Site — catálogo online,https://www.drogariavenancio.com.br/condicionador-elseve-collagen-lifter-encorpador-400ml/p,Condicionador Elseve Collagen Lifter 400ml
2026-09-25 18:09:47,MED012,Drogarias Pacheco,"Rua Conde de Bonfim, 580 — Tijuca",L'Oréal Paris,Online — retirada,Preço comum,32.99,1,32.99,0.0,Disponível para retirada,Site — catálogo online,https://www.drogariaspacheco.com.br/condicionador-elseve-collagen-lifter-encorpador-400ml/p,Condicionador Elseve Collagen Lifter 400ml
2026-09-25 18:09:47,MED012,Droga Raia,"Rua Conde de Bonfim, 536 — Tijuca",L'Oréal Paris,Online — retirada,Preço comum,32.9,1,32.9,0.0,Disponível para retirada,Print de tela / OCR,,Condicionador Elseve Collagen Lifter 400ml
2026-09-25 18:09:47,MED013,Drogaria Venancio,"Rua Conde de Bonfim, 532 — Tijuca",ISDIN,Online — retirada,Preço comum,94.9,1,94.9,0.0,Disponível para retirada,Site — catálogo online,https://www.drogariavenancio.com.br/protetor-solar-isdin-fotoprotector-fusion-water-color-fps-60-cor-clara-50ml/p,Isdin Fusion Water Color Claro FPS 60 50ml
2026-09-25 18:09:47,MED013,Drogasmil,"Praça Saenz Peña, 29 — Tijuca",ISDIN,Online — retirada,Preço comum,96.5,1,96.5,0.0,Disponível para retirada,Site — catálogo online,https://www.drogasmil.com.br/protetor-solar-isdin-fusion-water-color-claro-fps60-50ml/p,Isdin Fusion Water Color Claro FPS 60 50ml
2026-09-25 18:09:47,MED013,Drogarias Pacheco,"Rua Conde de Bonfim, 580 — Tijuca",ISDIN,Online — retirada,Preço comum,98.9,1,98.9,0.0,Disponível para retirada,Site — catálogo online,https://www.drogariaspacheco.com.br/protetor-solar-facial-isdin-fusion-water-color-fps-60-clara-50ml/p,Isdin Fusion Water Color Claro FPS 60 50ml
2026-09-25 18:09:47,MED013,Droga Raia,"Rua Conde de Bonfim, 536 — Tijuca",ISDIN,Online — retirada,Preço comum,99.9,1,99.9,0.0,Disponível para retirada,Print de tela / OCR,,Isdin Fusion Water Color Claro FPS 60 50ml
2026-09-25 18:09:47,MED014,Drogaria Venancio,"Rua Conde de Bonfim, 532 — Tijuca",Mantecorp,Online — retirada,Preço comum,84.9,1,84.9,0.0,Disponível para retirada,Site — catálogo online,https://www.drogariavenancio.com.br/episol-color-fps-70-tom-2-claro-40g/p,Episol Color FPS 70 Tom 2 Claro 40g
2026-09-25 18:09:47,MED014,Drogasmil,"Praça Saenz Peña, 29 — Tijuca",Mantecorp,Online — retirada,Preço comum,86.0,1,86.0,0.0,Disponível para retirada,Site — catálogo online,https://www.drogasmil.com.br/episol-color-tom-2-fps-70-40g/p,Episol Color FPS 70 Tom 2 Claro 40g
2026-09-25 18:09:47,MED014,Drogarias Pacheco,"Rua Conde de Bonfim, 580 — Tijuca",Mantecorp,Online — retirada,Preço comum,87.9,1,87.9,0.0,Disponível para retirada,Site — catálogo online,https://www.drogariaspacheco.com.br/protetor-solar-facial-episol-color-fps-70-tom-2-claro-40g/p,Episol Color FPS 70 Tom 2 Claro 40g
2026-09-25 18:09:47,MED014,Droga Raia,"Rua Conde de Bonfim, 536 — Tijuca",Mantecorp,Online — retirada,Preço comum,88.9,1,88.9,0.0,Disponível para retirada,Print de tela / OCR,,Episol Color FPS 70 Tom 2 Claro 40g
2026-09-25 18:40:00,MED015,Drogaria Venancio,"Rua Conde de Bonfim, 532 — Tijuca",Mantecorp,Online — retirada,Preço comum,114.9,1,114.9,0.0,Disponível para retirada,Site — catálogo online,,Shampoo Antiqueda Pielus Forte 400ml
2026-09-25 18:40:00,MED015,Drogasmil,"Praça Saenz Peña, 29 — Tijuca",Mantecorp,Online — retirada,Preço comum,118.9,1,118.9,0.0,Disponível para retirada,Site — catálogo online,,Shampoo Antiqueda Pielus Forte 400ml
2026-09-25 18:40:00,MED015,Drogarias Pacheco,"Rua Conde de Bonfim, 580 — Tijuca",Mantecorp,Online — retirada,Preço comum,124.9,1,124.9,0.0,Disponível para retirada,Site — catálogo online,,Shampoo Antiqueda Pielus Forte 400ml
2026-09-25 18:40:00,MED015,Droga Raia,"Rua Conde de Bonfim, 536 — Tijuca",Mantecorp,Online — retirada,Preço comum,119.9,1,119.9,0.0,Disponível para retirada,Print de tela / OCR,,Shampoo Antiqueda Pielus Forte 400ml (Cotação 3d)
2026-09-25 18:40:00,MED016,Drogaria Venancio,"Rua Conde de Bonfim, 532 — Tijuca",Mantecorp,Online — retirada,Preço comum,139.9,1,139.9,0.0,Disponível para retirada,Site — catálogo online,,Solução Capilar Pielus Forte 120ml
2026-09-25 18:40:00,MED016,Droga Raia,"Rua Conde de Bonfim, 536 — Tijuca",Mantecorp,Online — retirada,Preço comum,142.9,1,142.9,0.0,Disponível para retirada,Print de tela / OCR,,Solução Capilar Pielus Forte 120ml (Cotação 3d)
2026-09-25 18:40:00,MED016,Drogasmil,"Praça Saenz Peña, 29 — Tijuca",Mantecorp,Online — retirada,Preço comum,144.9,1,144.9,0.0,Disponível para retirada,Site — catálogo online,,Solução Capilar Pielus Forte 120ml
2026-09-25 18:40:00,MED016,Drogarias Pacheco,"Rua Conde de Bonfim, 580 — Tijuca",Mantecorp,Online — retirada,Preço comum,149.9,1,149.9,0.0,Disponível para retirada,Site — catálogo online,,Solução Capilar Pielus Forte 120ml
2026-09-25 18:40:00,MED017,Drogaria Venancio,"Rua Conde de Bonfim, 532 — Tijuca",Darrow,Online — retirada,Preço comum,79.9,1,79.9,0.0,Disponível para retirada,Site — catálogo online,,Actine Renov Sérum Renovador Facial 30ml
2026-09-25 18:40:00,MED017,Drogasmil,"Praça Saenz Peña, 29 — Tijuca",Darrow,Online — retirada,Preço comum,82.9,1,82.9,0.0,Disponível para retirada,Site — catálogo online,,Actine Renov Sérum Renovador Facial 30ml
2026-09-25 18:40:00,MED017,Droga Raia,"Rua Conde de Bonfim, 536 — Tijuca",Darrow,Online — retirada,Preço comum,84.9,1,84.9,0.0,Disponível para retirada,Print de tela / OCR,,Actine Renov Sérum Renovador Facial 30ml (Cotação 3d)
2026-09-25 18:40:00,MED017,Drogarias Pacheco,"Rua Conde de Bonfim, 580 — Tijuca",Darrow,Online — retirada,Preço comum,85.9,1,85.9,0.0,Disponível para retirada,Site — catálogo online,,Actine Renov Sérum Renovador Facial 30ml
2026-09-25 18:40:00,MED018,Drogaria Venancio,"Rua Conde de Bonfim, 532 — Tijuca",Granado,Online — retirada,Preço comum,34.9,1,34.9,0.0,Disponível para retirada,Site — catálogo online,,Cera Pink Nutritiva Unhas e Cutículas Granado 7g
2026-09-25 18:40:00,MED018,Droga Raia,"Rua Conde de Bonfim, 536 — Tijuca",Granado,Online — retirada,Preço comum,35.9,1,35.9,0.0,Disponível para retirada,Print de tela / OCR,,Cera Pink Nutritiva Unhas e Cutículas Granado 7g (Cotação 3d)
2026-09-25 18:40:00,MED018,Drogasmil,"Praça Saenz Peña, 29 — Tijuca",Granado,Online — retirada,Preço comum,36.9,1,36.9,0.0,Disponível para retirada,Site — catálogo online,,Cera Pink Nutritiva Unhas e Cutículas Granado 7g
2026-09-25 18:40:00,MED018,Drogarias Pacheco,"Rua Conde de Bonfim, 580 — Tijuca",Granado,Online — retirada,Preço comum,37.5,1,37.5,0.0,Disponível para retirada,Site — catálogo online,,Cera Pink Nutritiva Unhas e Cutículas Granado 7g
2026-09-25 18:40:00,MED019,Drogaria Venancio,"Rua Conde de Bonfim, 532 — Tijuca",Nivea,Online — retirada,Preço comum,21.9,1,21.9,0.0,Disponível para retirada,Site — catálogo online,,Creme Nivea Lata Azul 56g
2026-09-25 18:40:00,MED019,Drogasmil,"Praça Saenz Peña, 29 — Tijuca",Nivea,Online — retirada,Preço comum,22.5,1,22.5,0.0,Disponível para retirada,Site — catálogo online,,Creme Nivea Lata Azul 56g
2026-09-25 18:40:00,MED019,Droga Raia,"Rua Conde de Bonfim, 536 — Tijuca",Nivea,Online — retirada,Preço comum,22.9,1,22.9,0.0,Disponível para retirada,Print de tela / OCR,,Creme Nivea Lata Azul 56g (Cotação 3d)
2026-09-25 18:40:00,MED019,Drogarias Pacheco,"Rua Conde de Bonfim, 580 — Tijuca",Nivea,Online — retirada,Preço comum,23.9,1,23.9,0.0,Disponível para retirada,Site — catálogo online,,Creme Nivea Lata Azul 56g
2026-09-25 18:40:00,MED020,Drogaria Venancio,"Rua Conde de Bonfim, 532 — Tijuca",La Roche-Posay,Online — retirada,Preço comum,54.9,1,54.9,0.0,Disponível para retirada,Site — catálogo online,,Effaclar Gel de Limpeza Facial Concentrado 150g
2026-09-25 18:40:00,MED020,Drogasmil,"Praça Saenz Peña, 29 — Tijuca",La Roche-Posay,Online — retirada,Preço comum,56.9,1,56.9,0.0,Disponível para retirada,Site — catálogo online,,Effaclar Gel de Limpeza Facial Concentrado 150g
2026-09-25 18:40:00,MED020,Droga Raia,"Rua Conde de Bonfim, 536 — Tijuca",La Roche-Posay,Online — retirada,Preço comum,57.9,1,57.9,0.0,Disponível para retirada,Print de tela / OCR,,Effaclar Gel de Limpeza Facial Concentrado 150g (Cotação 3d)
2026-09-25 18:40:00,MED020,Drogarias Pacheco,"Rua Conde de Bonfim, 580 — Tijuca",La Roche-Posay,Online — retirada,Preço comum,59.9,1,59.9,0.0,Disponível para retirada,Site — catálogo online,,Effaclar Gel de Limpeza Facial Concentrado 150g
2026-09-25 18:40:00,MED021,Drogaria Venancio,"Rua Conde de Bonfim, 532 — Tijuca",Dermacyd / Nivea,Online — retirada,Preço comum,19.9,1,19.9,0.0,Disponível para retirada,Site — catálogo online,,Sabonete Líquido Íntimo Nivea/Dermacyd 200ml
2026-09-25 18:40:00,MED021,Drogasmil,"Praça Saenz Peña, 29 — Tijuca",Intimus,Online — retirada,Preço comum,20.9,1,20.9,0.0,Disponível para retirada,Site — catálogo online,,Sabonete Líquido Íntimo Intimus Defesa Natural 200ml
2026-09-25 18:40:00,MED021,Droga Raia,"Rua Conde de Bonfim, 536 — Tijuca",Nivea,Online — retirada,Preço comum,21.5,1,21.5,0.0,Disponível para retirada,Print de tela / OCR,,Sabonete Líquido Íntimo Nivea Suave 200ml (Cotação 3d)
2026-09-25 18:40:00,MED021,Drogarias Pacheco,"Rua Conde de Bonfim, 580 — Tijuca",Dermacyd,Online — retirada,Preço comum,21.9,1,21.9,0.0,Disponível para retirada,Site — catálogo online,,Sabonete Líquido Íntimo Dermacyd Femina 200ml
2026-09-25 19:30:07,MED003,Drogarias Pacheco,"Rua Conde de Bonfim, 580 — Tijuca",Eurofarma,Online — retirada,Preço comum,81.62,1,81.62,0.0,Não confirmado,Site — coleta automática,https://www.drogariaspacheco.com.br/bup-xl-150mg-europharma-30-comprimidos/p,Coleta automática. SKU: 745995. Ref: R$ 122.19
2026-09-25 19:30:09,MED003,Drogaria Venancio,"Rua Conde de Bonfim, 532 — Tijuca",Eurofarma,Online — retirada,Preço comum,27.69,1,27.69,0.0,Não confirmado,Site — coleta automática,https://www.drogariavenancio.com.br/cloridrato-de-bupropiona-xl-150mg-30-comprimidos-de-liberacao-prolongada/p,Catálogo público Venancio. SKU: 123838. Ref: R$ 154.17
2026-09-25 19:30:13,MED003,Drogasmil,"Praça Saenz Peña, 29 — Tijuca",Eurofarma,Online — retirada,Preço comum,87.78,1,87.78,0.0,Não confirmado,Site — coleta automática,https://www.drogasmil.com.br/bup-xl-cloridrato-de-bupropiona-150mg-30-comprimidos/p,JSON-LD Drogasmil. SKU: 28682
2026-09-25 19:37:03,MED015,Droga Raia,"Rua Conde de Bonfim, 536 — Tijuca",Hypera (Lisador),Online — retirada,Preço comum,95.9,1,95.9,0.0,Disponível para retirada,Print de tela / OCR,/prints/raia/raia_detect_20260925_193650.jpg,Print comprovatório anexado. Cotação via Print OCR (vigência de 3 dias).
2026-09-25 21:14:26,MED003,Drogarias Pacheco,"Rua Conde de Bonfim, 580 — Tijuca",Eurofarma,Online — retirada,Preço comum,152.75,1,152.75,0.0,Não confirmado,Site — coleta automática,https://www.drogariaspacheco.com.br/bup-xl-300mg-eurofarma-60-comprimidos-de-liberacao-prolongada/p,Coleta automática. SKU: 872210. Ref: R$ 243.07
2026-09-25 21:14:28,MED003,Drogaria Venancio,"Rua Conde de Bonfim, 532 — Tijuca",Eurofarma,Online — retirada,Preço comum,65.25,1,65.25,0.0,Não confirmado,Site — coleta automática,https://www.drogariavenancio.com.br/bupium-xl-300mg-30-comprimidos-revestidos/p,Catálogo público Venancio. SKU: 69203. Ref: R$ 147.3
2026-09-29 22:39:51,MED002,Drogarias Pacheco,"Rua Conde de Bonfim, 580 — Tijuca",Medley / EMS,Online — retirada,Preço comum,25.59,1,25.59,0.0,Não confirmado,Site — coleta automática,https://www.drogariaspacheco.com.br/cloridrato-de-sertralina-50mg-generico-mepha-28-comprimidos/p,Coleta automática. SKU: 525642. Ref: R$ 67.08
2026-09-29 22:39:52,MED002,Drogaria Venancio,"Rua Conde de Bonfim, 532 — Tijuca",Medley / EMS,Online — retirada,Preço comum,16.49,1,16.49,0.0,Não confirmado,Site — coleta automática,https://www.drogariavenancio.com.br/cloridrato-de-sertralina-50mg-medley-30-comprimidos/p,Catálogo público Venancio. SKU: 3412. Ref: R$ 57.07
2026-09-29 22:39:52,MED002,Drogaria Venancio,"Rua Conde de Bonfim, 532 — Tijuca",Medley / EMS,Online — retirada,Promoção por quantidade,32.98,3,10.99,0.0,Não confirmado,Site — coleta automática,https://www.drogariavenancio.com.br/cloridrato-de-sertralina-50mg-medley-30-comprimidos/p,Promoção Leve 3 e Pague 2 identificada no catálogo. Total: R$ 32.98
2026-09-29 22:39:53,MED002,Drogasmil,"Praça Saenz Peña, 29 — Tijuca",Medley / EMS,Online — retirada,Preço comum,18.99,1,18.99,0.0,Não confirmado,Site — coleta automática,https://www.drogasmil.com.br/cloridrato-sertralina-50mg-30-comprimidos-generico-medley/p,Catálogo Drogasmil. SKU: 4633
2026-09-29 22:43:19,MED001,Drogarias Pacheco,"Rua Conde de Bonfim, 580 — Tijuca",Sanofi Aventis,Online — retirada,Preço comum,29.35,1,29.35,0.0,Não confirmado,Site — coleta automática,https://www.drogariaspacheco.com.br/puran-t4-112mcg-sanofi-aventis-30-comprimidos/p,Coleta automática. SKU: 116319. Ref: R$ 36.58
2026-09-29 22:43:20,MED001,Drogaria Venancio,"Rua Conde de Bonfim, 532 — Tijuca",Sanofi Aventis,Online — retirada,Preço comum,29.18,1,29.18,0.0,Não confirmado,Site — coleta automática,https://www.drogariavenancio.com.br/puran-t4-112mcg-sanofi-aventis-30-comprimidos/p,Catálogo público Venancio. SKU: 13695. Ref: R$ 36.58
2026-09-29 22:43:20,MED001,Drogaria Venancio,"Rua Conde de Bonfim, 532 — Tijuca",Sanofi Aventis,Online — retirada,Promoção por quantidade,87.54,4,21.89,0.0,Não confirmado,Site — coleta automática,https://www.drogariavenancio.com.br/puran-t4-112mcg-sanofi-aventis-30-comprimidos/p,Promoção Leve 4 e Pague 3 identificada no catálogo. Total: R$ 87.54
2026-09-29 22:43:21,MED001,Drogasmil,"Praça Saenz Peña, 29 — Tijuca",Sanofi Aventis,Online — retirada,Preço comum,27.8,1,27.8,0.0,Não confirmado,Site — coleta automática,https://www.drogasmil.com.br/puran-t4-112mcg-30-comprimidos/p,Catálogo Drogasmil. SKU: 19297
2026-09-29 22:43:27,MED003,Drogarias Pacheco,"Rua Conde de Bonfim, 580 — Tijuca",Eurofarma,Online — retirada,Preço comum,96.37,1,96.37,0.0,Não confirmado,Site — coleta automática,https://www.drogariaspacheco.com.br/bup-xl-300mg-europharma-30-comprimidos/p,Coleta automática. SKU: 746711. Ref: R$ 153.19
2026-09-29 22:43:28,MED003,Drogaria Venancio,"Rua Conde de Bonfim, 532 — Tijuca",Eurofarma,Online — retirada,Preço comum,98.34,1,98.34,0.0,Não confirmado,Site — coleta automática,https://www.drogariavenancio.com.br/bup-xl-300mg-30-comprimidos/p,Catálogo público Venancio. SKU: 80726. Ref: R$ 153.19
2026-09-29 22:43:35,MED004,Drogarias Pacheco,"Rua Conde de Bonfim, 580 — Tijuca",Aché,Online — retirada,Preço comum,61.24,1,61.24,0.0,Não confirmado,Site — coleta automática,https://www.drogariaspacheco.com.br/kalist-2mg-ache-28-comprimidos/p,Coleta automática. SKU: 608416. Ref: R$ 71.85
2026-09-29 22:43:36,MED004,Drogaria Venancio,"Rua Conde de Bonfim, 532 — Tijuca",Aché,Online — retirada,Preço comum,36.88,1,36.88,0.0,Não confirmado,Site — coleta automática,https://www.drogariavenancio.com.br/dienogeste-2mg-ems-30-comprimidos/p,Catálogo público Venancio. SKU: 00087027. Ref: R$ N/A
2026-09-29 22:43:38,MED004,Drogasmil,"Praça Saenz Peña, 29 — Tijuca",Aché,Online — retirada,Preço comum,64.31,1,64.31,0.0,Não confirmado,Site — coleta automática,https://www.drogasmil.com.br/kalist-2mg-28-comprimidos/p,Catálogo Drogasmil. SKU: 00012890
2026-09-29 22:43:39,MED005,Drogarias Pacheco,"Rua Conde de Bonfim, 580 — Tijuca",Biolab / Eurofarma,Online — retirada,Preço comum,34.99,1,34.99,0.0,Não confirmado,Site — coleta automática,https://www.drogariaspacheco.com.br/fumarato-de-quetiapina-25mg-actavis-30-comprimidos/p,Coleta automática. SKU: 387266. Ref: R$ 64.69
2026-09-29 22:43:40,MED005,Drogaria Venancio,"Rua Conde de Bonfim, 532 — Tijuca",Biolab / Eurofarma,Online — retirada,Preço comum,14.5,1,14.5,0.0,Não confirmado,Site — coleta automática,https://www.drogariavenancio.com.br/fumar-quetiapina-25mg-30cpr-g--c1-actavis/p,Catálogo público Venancio. SKU: 25961. Ref: R$ 14.5
2026-09-29 22:43:40,MED005,Drogaria Venancio,"Rua Conde de Bonfim, 532 — Tijuca",Biolab / Eurofarma,Online — retirada,Promoção por quantidade,29.0,3,9.67,0.0,Não confirmado,Site — coleta automática,https://www.drogariavenancio.com.br/fumar-quetiapina-25mg-30cpr-g--c1-actavis/p,Promoção Leve 3 e Pague 2 identificada no catálogo. Total: R$ 29.00
2026-09-29 22:43:45,MED005,Drogasmil,"Praça Saenz Peña, 29 — Tijuca",Biolab / Eurofarma,Online — retirada,Preço comum,14.49,1,14.49,0.0,Não confirmado,Site — coleta automática,https://www.drogasmil.com.br/g-hemif-quetiapina-25mg-30cpr--c1----teut/p,Catálogo Drogasmil. SKU: 31315
2026-09-29 22:43:46,MED006,Drogarias Pacheco,"Rua Conde de Bonfim, 580 — Tijuca",Medley / EMS,Online — retirada,Preço comum,29.69,1,29.69,0.0,Não confirmado,Site — coleta automática,https://www.drogariaspacheco.com.br/rosuvastatina-calcica-5mg-generico-medley-30-comprimidos-revestidos/p,Coleta automática. SKU: 819883. Ref: R$ 29.69
2026-09-29 22:43:47,MED006,Drogaria Venancio,"Rua Conde de Bonfim, 532 — Tijuca",Medley / EMS,Online — retirada,Preço comum,24.99,1,24.99,0.0,Não confirmado,Site — coleta automática,https://www.drogariavenancio.com.br/rosuvastatina-calcica-5mg-medley-30-comprimidos-/p,Catálogo público Venancio. SKU: 87371. Ref: R$ 75.62
2026-09-29 22:43:47,MED006,Drogaria Venancio,"Rua Conde de Bonfim, 532 — Tijuca",Medley / EMS,Online — retirada,Promoção por quantidade,49.98,3,16.66,0.0,Não confirmado,Site — coleta automática,https://www.drogariavenancio.com.br/rosuvastatina-calcica-5mg-medley-30-comprimidos-/p,Promoção Leve 3 e Pague 2 identificada no catálogo. Total: R$ 49.98
2026-09-29 22:43:48,MED006,Drogasmil,"Praça Saenz Peña, 29 — Tijuca",Medley / EMS,Online — retirada,Preço comum,40.18,1,40.18,0.0,Não confirmado,Site — coleta automática,https://www.drogasmil.com.br/rosuvastatina-calc-5mg-30cpr-mdly/p,Catálogo Drogasmil. SKU: 31146
2026-09-29 22:43:51,MED007,Drogarias Pacheco,"Rua Conde de Bonfim, 580 — Tijuca",Sanofi (Novalgina) / Hypera (Lisador),Online — retirada,Preço comum,7.99,1,7.99,0.0,Não confirmado,Site — coleta automática,https://www.drogariaspacheco.com.br/dipirona-monoidratada-1g-generico-cimed-10-comprimidos/p,Coleta automática. SKU: 841188. Ref: R$ 30.56
2026-09-29 22:43:55,MED007,Drogaria Venancio,"Rua Conde de Bonfim, 532 — Tijuca",Sanofi (Novalgina) / Hypera (Lisador),Online — retirada,Preço comum,18.59,1,18.59,0.0,Não confirmado,Site — coleta automática,https://www.drogariavenancio.com.br/novalgina-1g-sanofi-aventis-10-comprimidos/p,Catálogo público Venancio. SKU: 00012224. Ref: R$ N/A
2026-09-29 22:44:00,MED007,Drogasmil,"Praça Saenz Peña, 29 — Tijuca",Sanofi (Novalgina) / Hypera (Lisador),Online — retirada,Preço comum,7.22,1,7.22,0.0,Não confirmado,Site — coleta automática,https://www.drogasmil.com.br/dipirona-sodica-1g-04-comprimidos-generico-hypera/p,Catálogo Drogasmil. SKU: 8118
2026-09-29 22:44:03,MED008,Drogarias Pacheco,"Rua Conde de Bonfim, 580 — Tijuca",Vitafor,Online — retirada,Preço comum,76.1,1,76.1,0.0,Não confirmado,Site — coleta automática,https://www.drogariaspacheco.com.br/omega-3-mais-1000-oleo-de-peixe-vitamina-e-90-capsulas-1000mg-clinicmais-rae1775595841694/p,Coleta automática. SKU: 935449982. Ref: R$ 138.3
2026-09-29 22:44:07,MED008,Drogaria Venancio,"Rua Conde de Bonfim, 532 — Tijuca",Vitafor,Online — retirada,Preço comum,120.49,1,120.49,0.0,Não confirmado,Site — coleta automática,https://www.drogariavenancio.com.br/omegafor-plus-60cap/p,Catálogo público Venancio. SKU: 93360. Ref: R$ 140.0
2026-09-29 22:44:11,MED008,Drogasmil,"Praça Saenz Peña, 29 — Tijuca",Vitafor,Online — retirada,Preço comum,118.8,1,118.8,0.0,Não confirmado,Site — coleta automática,https://www.drogasmil.com.br/omegafor-plus-vitafor-1000mg-com-60-capsulas-17507oi8k8183696/p,Catálogo Drogasmil. SKU: 44537
2026-09-29 22:44:15,MED009,Drogarias Pacheco,"Rua Conde de Bonfim, 580 — Tijuca",Addera D3 / Sanofi,Online — retirada,Preço comum,21.99,1,21.99,0.0,Não confirmado,Site — coleta automática,https://www.drogariaspacheco.com.br/vitamina-d3-colecalciferol-7-000ui-12-capsulas/p,Coleta automática. SKU: 978400. Ref: R$ 21.99
2026-09-29 22:44:21,MED009,Drogaria Venancio,"Rua Conde de Bonfim, 532 — Tijuca",Addera D3 / Sanofi,Online — retirada,Preço comum,9.69,1,9.69,0.0,Não confirmado,Site — coleta automática,https://www.drogariavenancio.com.br/vitamina-d3-7000ui-4cps/p,Catálogo público Venancio. SKU: 72145. Ref: R$ 14.15
2026-09-29 22:44:25,MED009,Drogasmil,"Praça Saenz Peña, 29 — Tijuca",Addera D3 / Sanofi,Online — retirada,Preço comum,28.99,1,28.99,0.0,Não confirmado,Site — coleta automática,https://www.drogasmil.com.br/gonutri-vitamina-c-30-comprimidos/p,Catálogo Drogasmil. SKU: 29065
2026-09-29 22:44:30,MED010,Drogarias Pacheco,"Rua Conde de Bonfim, 580 — Tijuca",Dove (Unilever),Online — retirada,Preço comum,14.99,1,14.99,0.0,Não confirmado,Site — coleta automática,https://www.drogariaspacheco.com.br/desodorante-antitranspirante-ever-care-carbon-antibacteriano-150ml/p,Coleta automática. SKU: 804754. Ref: R$ 14.99
2026-09-29 22:44:34,MED010,Drogaria Venancio,"Rua Conde de Bonfim, 532 — Tijuca",Dove (Unilever),Online — retirada,Preço comum,17.9,1,17.9,0.0,Não confirmado,Site — coleta automática,https://www.drogariavenancio.com.br/desodorante-aerosol-dove-men-invisible-dry-150ml/p,Catálogo público Venancio. SKU: 32978. Ref: R$ 21.49
2026-09-29 22:44:39,MED010,Drogasmil,"Praça Saenz Peña, 29 — Tijuca",Dove (Unilever),Online — retirada,Preço comum,17.3,1,17.3,0.0,Não confirmado,Site — coleta automática,https://www.drogasmil.com.br/desodorante-aerosol-dove-men-care-invisible-dry-150ml/p,Catálogo Drogasmil. SKU: 7550
2026-09-29 22:44:42,MED011,Drogarias Pacheco,"Rua Conde de Bonfim, 580 — Tijuca",L'Oréal Paris (Elseve),Online — retirada,Preço comum,31.59,1,31.59,0.0,Não confirmado,Site — coleta automática,https://www.drogariaspacheco.com.br/shampoo-loreal-paris-elseve-collagen-lifter-400ml/p,Coleta automática. SKU: 906450. Ref: R$ 31.59
2026-09-29 22:44:46,MED011,Drogaria Venancio,"Rua Conde de Bonfim, 532 — Tijuca",L'Oréal Paris (Elseve),Online — retirada,Preço comum,33.09,1,33.09,0.0,Não confirmado,Site — coleta automática,https://www.drogariavenancio.com.br/sh-elseve-colageno-lifter-400ml/p,Catálogo público Venancio. SKU: 121150. Ref: R$ 37.99
2026-09-29 22:44:50,MED011,Drogasmil,"Praça Saenz Peña, 29 — Tijuca",L'Oréal Paris (Elseve),Online — retirada,Preço comum,27.99,1,27.99,0.0,Não confirmado,Site — coleta automática,https://www.drogasmil.com.br/shampoo-encorpador-elseve-collagen-lifter-400ml/p,Catálogo Drogasmil. SKU: 46703
2026-09-29 22:44:53,MED012,Drogarias Pacheco,"Rua Conde de Bonfim, 580 — Tijuca",L'Oréal Paris (Elseve),Online — retirada,Preço comum,31.59,1,31.59,0.0,Não confirmado,Site — coleta automática,https://www.drogariaspacheco.com.br/shampoo-loreal-paris-elseve-collagen-lifter-400ml/p,Coleta automática. SKU: 906450. Ref: R$ 31.59
2026-09-29 22:44:58,MED012,Drogaria Venancio,"Rua Conde de Bonfim, 532 — Tijuca",L'Oréal Paris (Elseve),Online — retirada,Preço comum,33.09,1,33.09,0.0,Não confirmado,Site — coleta automática,https://www.drogariavenancio.com.br/sh-elseve-colageno-lifter-400ml/p,Catálogo público Venancio. SKU: 121150. Ref: R$ 37.99
2026-09-29 22:45:02,MED012,Drogasmil,"Praça Saenz Peña, 29 — Tijuca",L'Oréal Paris (Elseve),Online — retirada,Preço comum,27.99,1,27.99,0.0,Não confirmado,Site — coleta automática,https://www.drogasmil.com.br/shampoo-encorpador-elseve-collagen-lifter-400ml/p,Catálogo Drogasmil. SKU: 46703
2026-09-29 22:45:18,MED014,Drogarias Pacheco,"Rua Conde de Bonfim, 580 — Tijuca",Mantecorp Skincare,Online — retirada,Preço comum,405.45,1,405.45,0.0,Não confirmado,Site — coleta automática,https://www.drogariaspacheco.com.br/kit-episol-color-tom-2-claro-o177os3375980956/p,Coleta automática. SKU: 935443033. Ref: R$ 488.0
2026-09-29 22:45:23,MED014,Drogaria Venancio,"Rua Conde de Bonfim, 532 — Tijuca",Mantecorp Skincare,Online — retirada,Preço comum,269.8,1,269.8,0.0,Não confirmado,Site — coleta automática,https://www.drogariavenancio.com.br/kit-make-com-fps-episol-color-po-base-tom-2-claro-i178646o59r92172/p,Catálogo público Venancio. SKU: 900010093. Ref: R$ 269.8
2026-09-29 22:45:31,MED015,Drogarias Pacheco,"Rua Conde de Bonfim, 580 — Tijuca",Mantecorp Skincare,Online — retirada,Preço comum,27.99,1,27.99,0.0,Não confirmado,Site — coleta automática,https://www.drogariaspacheco.com.br/shampoo-tio-nacho-engrossador-antiqueda-200ml/p,Coleta automática. SKU: 693227. Ref: R$ 32.99
2026-09-29 22:45:36,MED015,Drogaria Venancio,"Rua Conde de Bonfim, 532 — Tijuca",Mantecorp Skincare,Online — retirada,Preço comum,94.99,1,94.99,0.0,Não confirmado,Site — coleta automática,https://www.drogariavenancio.com.br/shampoo-ducray-anaphase-fortalecedor-antiqueda-200ml/p,Catálogo público Venancio. SKU: 58932. Ref: R$ 115.99
2026-09-29 22:45:40,MED015,Drogasmil,"Praça Saenz Peña, 29 — Tijuca",Mantecorp Skincare,Online — retirada,Preço comum,17.81,1,17.81,0.0,Não confirmado,Site — coleta automática,https://www.drogasmil.com.br/shampoo-elseve-argi-resistemas-x3-200ml-elseve/p,Catálogo Drogasmil. SKU: 21455
2026-09-29 22:45:43,MED016,Drogarias Pacheco,"Rua Conde de Bonfim, 580 — Tijuca",Mantecorp Skincare,Online — retirada,Preço comum,56.9,1,56.9,0.0,Não confirmado,Site — coleta automática,https://www.drogariaspacheco.com.br/tonico-capilar-haskell-cavalo-forte-120ml/p,Coleta automática. SKU: 908657. Ref: R$ 56.9
2026-09-29 22:45:48,MED016,Drogaria Venancio,"Rua Conde de Bonfim, 532 — Tijuca",Mantecorp Skincare,Online — retirada,Preço comum,32.89,1,32.89,0.0,Não confirmado,Site — coleta automática,https://www.drogariavenancio.com.br/tonico-cap-ativ-haskell-cavalo-forte-120ml/p,Catálogo público Venancio. SKU: 89158. Ref: R$ 44.9
2026-09-29 22:45:51,MED016,Drogasmil,"Praça Saenz Peña, 29 — Tijuca",Mantecorp Skincare,Online — retirada,Preço comum,24.44,1,24.44,0.0,Não confirmado,Site — coleta automática,https://www.drogasmil.com.br/fosfato-sodico-prednisolona-1mgml-solucao-120ml/p,Catálogo Drogasmil. SKU: 11065
2026-09-29 22:45:55,MED017,Drogarias Pacheco,"Rua Conde de Bonfim, 580 — Tijuca",Darrow (Pierre Fabre),Online — retirada,Preço comum,96.19,1,96.19,0.0,Não confirmado,Site — coleta automática,https://www.drogariaspacheco.com.br/serum-concentrado-facial-darrow-darrow-actine-vitamina-c-30g-conta-gotas/p,Coleta automática. SKU: 882429. Ref: R$ 99.99
2026-09-29 22:45:59,MED017,Drogaria Venancio,"Rua Conde de Bonfim, 532 — Tijuca",Darrow (Pierre Fabre),Online — retirada,Preço comum,98.99,1,98.99,0.0,Não confirmado,Site — coleta automática,https://www.drogariavenancio.com.br/antiacne-actine-trat-cuidado-diario-30ml/p,Catálogo público Venancio. SKU: 57672. Ref: R$ 104.99
2026-09-29 22:46:06,MED018,Drogarias Pacheco,"Rua Conde de Bonfim, 580 — Tijuca",Granado,Online — retirada,Preço comum,25.47,1,25.47,0.0,Não confirmado,Site — coleta automática,https://www.drogariaspacheco.com.br/cera-nutritiva-granado-para-unhas-e-cuticulas-pink/p,Coleta automática. SKU: 268283. Ref: R$ 35.99
2026-09-29 22:46:10,MED018,Drogaria Venancio,"Rua Conde de Bonfim, 532 — Tijuca",Granado,Online — retirada,Preço comum,30.09,1,30.09,0.0,Não confirmado,Site — coleta automática,https://www.drogariavenancio.com.br/cera-nutritiva-de-cuticula-granado-pink-7g/p,Catálogo público Venancio. SKU: 2819. Ref: R$ 32.99
2026-09-29 22:46:13,MED018,Drogasmil,"Praça Saenz Peña, 29 — Tijuca",Granado,Online — retirada,Preço comum,30.09,1,30.09,0.0,Não confirmado,Site — coleta automática,https://www.drogasmil.com.br/cera-unha-nutritiva-granado-pink-7g---granado/p,Catálogo Drogasmil. SKU: 1997
2026-09-29 22:46:17,MED019,Drogarias Pacheco,"Rua Conde de Bonfim, 580 — Tijuca",Nivea (Beiersdorf),Online — retirada,Preço comum,21.99,1,21.99,0.0,Não confirmado,Site — coleta automática,https://www.drogariaspacheco.com.br/nivea-creme-tratamento-lata-56g/p,Coleta automática. SKU: 52981. Ref: R$ 22.99
2026-09-29 22:46:22,MED019,Drogaria Venancio,"Rua Conde de Bonfim, 532 — Tijuca",Nivea (Beiersdorf),Online — retirada,Preço comum,24.0,1,24.0,0.0,Não confirmado,Site — coleta automática,https://www.drogariavenancio.com.br/cr-hidrat-nivea-orgulho-56g/p,Catálogo público Venancio. SKU: 97168. Ref: R$ 25.99
2026-09-29 22:46:26,MED019,Drogasmil,"Praça Saenz Peña, 29 — Tijuca",Nivea (Beiersdorf),Online — retirada,Preço comum,21.99,1,21.99,0.0,Não confirmado,Site — coleta automática,https://www.drogasmil.com.br/creme-hid-nivea-arco-iris-56g/p,Catálogo Drogasmil. SKU: 28141
2026-09-29 22:46:30,MED020,Drogarias Pacheco,"Rua Conde de Bonfim, 580 — Tijuca",La Roche-Posay,Online — retirada,Preço comum,79.59,1,79.59,0.0,Não confirmado,Site — coleta automática,https://www.drogariaspacheco.com.br/gel-concentrado-desincrustante-effaclar-150g/p,Coleta automática. SKU: 425419. Ref: R$ 79.59
2026-09-29 22:46:33,MED020,Drogaria Venancio,"Rua Conde de Bonfim, 532 — Tijuca",La Roche-Posay,Online — retirada,Preço comum,84.9,1,84.9,0.0,Não confirmado,Site — coleta automática,https://www.drogariavenancio.com.br/gel-de-limpeza-profunda-la-roche-posay-effaclar-concentrado-150g---gel-de-limpeza-profunda-la-roche-posay-effaclar-concentrado-50g/p,Catálogo público Venancio. SKU: 86530. Ref: R$ 89.9
2026-09-29 22:46:38,MED020,Drogasmil,"Praça Saenz Peña, 29 — Tijuca",La Roche-Posay,Online — retirada,Preço comum,85.49,1,85.49,0.0,Não confirmado,Site — coleta automática,https://www.drogasmil.com.br/kit-effaclar-gel-alta-tol-150ggrat-50g/p,Catálogo Drogasmil. SKU: 33039
2026-09-29 22:46:40,MED021,Drogarias Pacheco,"Rua Conde de Bonfim, 580 — Tijuca",Nivea / Dermacyd / Intimus,Online — retirada,Preço comum,19.99,1,19.99,0.0,Não confirmado,Site — coleta automática,https://www.drogariaspacheco.com.br/sabonete-liquido-intimo-dermacyd-femina-200ml/p,Coleta automática. SKU: 73113. Ref: R$ 28.59
2026-09-29 22:46:45,MED021,Drogaria Venancio,"Rua Conde de Bonfim, 532 — Tijuca",Nivea / Dermacyd / Intimus,Online — retirada,Preço comum,18.99,1,18.99,0.0,Não confirmado,Site — coleta automática,https://www.drogariavenancio.com.br/sab-int-monange---lucretin-hidrata-200ml/p,Catálogo público Venancio. SKU: 97084. Ref: R$ 18.99
2026-09-29 22:46:50,MED021,Drogasmil,"Praça Saenz Peña, 29 — Tijuca",Nivea / Dermacyd / Intimus,Online — retirada,Preço comum,11.99,1,11.99,0.0,Não confirmado,Site — coleta automática,https://www.drogasmil.com.br/sabonete-liquido-intimo-intm-suave-lv200ml-pg150ml-neve/p,Catálogo Drogasmil. SKU: 20526
2026-09-30 11:22:12,MED003,Drogarias Pacheco,"Rua Conde de Bonfim, 580 — Tijuca",Eurofarma,Online — retirada,Preço comum,96.37,1,96.37,0.0,Não confirmado,Site — coleta automática,https://www.drogariaspacheco.com.br/bup-xl-300mg-europharma-30-comprimidos/p,Coleta automática. SKU: 746711. Ref: R$ 153.19
2026-09-30 11:22:15,MED003,Drogaria Venancio,"Rua Conde de Bonfim, 532 — Tijuca",EUROFARMA,Online — retirada,Preço comum,95.41,1,95.41,0.0,Não confirmado,Site — coleta automática,https://www.drogariavenancio.com.br/bup-xl-300mg-30-comprimidos/p,Catálogo público Venancio. SKU: 80726. Ref: R$ 153.19
2026-09-30 11:22:19,MED003,Drogasmil,"Praça Saenz Peña, 29 — Tijuca",Ems,Online — retirada,Preço comum,121.98,1,121.98,0.0,Não confirmado,Site — coleta automática,https://www.drogasmil.com.br/g-cl-bupropiona-24h-300mg-30cpr-ems/p,Catálogo Drogasmil. SKU: 39714
2026-09-30 11:22:20,MED022,Drogarias Pacheco,"Rua Conde de Bonfim, 580 — Tijuca",Eurofarma,Online — retirada,Preço comum,148.2,1,148.2,0.0,Não confirmado,Site — coleta automática,https://www.drogariaspacheco.com.br/bup-xl-300mg-eurofarma-60-comprimidos-de-liberacao-prolongada/p,Coleta automática. SKU: 872210. Ref: R$ 243.07
2026-09-30 11:22:21,MED022,Drogaria Venancio,"Rua Conde de Bonfim, 532 — Tijuca",EUROFARMA,Online — retirada,Preço comum,146.72,1,146.72,0.0,Não confirmado,Site — coleta automática,https://www.drogariavenancio.com.br/bup-xl-300mg-60com--c1-/p,Catálogo público Venancio. SKU: 94689. Ref: R$ 243.07
2026-09-30 11:22:23,MED022,Drogasmil,"Praça Saenz Peña, 29 — Tijuca",Ems,Online — retirada,Preço comum,205.94,1,205.94,0.0,Não confirmado,Site — coleta automática,https://www.drogasmil.com.br/bupium-xl-300mg-c60-comprimidos/p,Catálogo Drogasmil. SKU: 3580
