produto_id,nome,principio_ativo,dosagem,apresentacao,fabricante,categoria,quantidade_mensal,ean,url_pacheco,url_venancio,url_drogasmil,url_raia
MED001,Puran T4 (Levotiroxina 112mcg),Levotiroxina sódica,112mcg,30 comprimidos,Sanofi Aventis,Referência,1,7897595903372,https://www.drogariaspacheco.com.br/puran-t4-112mcg-sanofi-aventis-30-comprimidos/p,https://www.drogariavenancio.com.br/puran-t4-112mcg-sanofi-aventis-30-comprimidos/p,,https://www.drogaraia.com.br/puran-t4-112mcg-30-comprimidos.html
MED002,Sertralina 50mg,Cloridrato de sertralina,50mg,30 comprimidos,Medley / EMS,Genérico,1,7896422506304,https://www.drogariaspacheco.com.br/cloridrato-de-sertralina-50mg-generico-ems-30-comprimidos-revestidos/p,https://www.drogariavenancio.com.br/cloridrato-de-sertralina-50mg-medley-30-comprimidos/p,,https://www.drogaraia.com.br/sertralina-50mg-medley-30-comprimidos.html
MED003,Bup XL (30 comprimidos),Cloridrato de bupropiona,300mg,30 comprimidos,Eurofarma,Similar,1,7891317010218,https://www.drogariaspacheco.com.br/bup-xl-300mg-eurofarma-30-comprimidos/p,https://www.drogariavenancio.com.br/bup-xl-300mg-30com--c1-/p,,https://www.drogaraia.com.br/bup-xl-300mg-30-comprimidos.html
MED004,Kalist / Dienogeste 2mg,Dienogeste,2mg,28 comprimidos,Aché,Similar,1,7896658028757,https://www.drogariaspacheco.com.br/kalist-2mg-ache-28-comprimidos/p,https://www.drogariavenancio.com.br/dienogeste-2mg-ems-30-comprimidos/p,,https://www.drogaraia.com.br/kalist-2mg-28-comprimidos.html
MED005,Quetiapina 25mg,Hemifumarato de quetiapina,25mg,30 comprimidos,Biolab / Eurofarma,Genérico,2,7898146825280,https://www.drogariaspacheco.com.br/hemifumarato-de-quetiapina-25mg-biolab-30-comprimidos/p,https://www.drogariavenancio.com.br/fumar-quetiapina-25mg-30cpr-g--c1-actavis/p,,https://www.drogaraia.com.br/quetiapina-25mg-30-comprimidos.html
MED006,Rosuvastatina 5mg,Rosuvastatina cálcica,5mg,30 comprimidos,Medley / EMS,Genérico,1,7891058002381,https://www.drogariaspacheco.com.br/rosuvastatina-calcica-5mg-medley-30-comprimidos/p,https://www.drogariavenancio.com.br/rosuvastatina-calcica-5mg-medley-30-comprimidos-/p,,https://www.drogaraia.com.br/rosuvastatina-calcica-5mg-medley-30-comprimidos.html
MED007,Novalgina 1g,Dipirona monoidratada,1g,10 comprimidos,Sanofi Aventis,Referência,1,7891058017415,https://www.drogariaspacheco.com.br/novalgina-1g-sanofi-aventis-10-comprimidos/p,https://www.drogariavenancio.com.br/novalgina-1g-sanofi-aventis-10-comprimidos/p,,https://www.drogaraia.com.br/novalgina-1g-10-comprimidos.html
MED008,Omega 3 Omegafor Plus,Óleo de Peixe (EPA 990mg / DHA 660mg),1000mg,60 cápsulas (2 caps/dia),Vitafor,Suplemento / Referência,1,7898665170327,https://www.drogariaspacheco.com.br/omegafor-plus-vitafor-60-capsulas/p,https://www.drogariavenancio.com.br/omegafor-plus-1000mg-com-60-capsulas-vitafor/p,,https://www.drogaraia.com.br/omegafor-plus-vitafor-60-capsulas.html
MED009,Vitamina D 7000 UI,Colecalciferol (Vitamina D3),7.000 UI,4 cápsulas (1x/semana),Addera D3 / Sanofi,Vitamina / Suplemento,1,7896094208836,https://www.drogariaspacheco.com.br/vitamina-d-prev-7000ui-myralis-4-comprimidos/p,https://www.drogariavenancio.com.br/vitamina-d-7000ui-4-comprimidos/p,,https://www.drogaraia.com.br/addera-d3-7-000ui-4-comprimidos.html
MED010,Desodorante Dove Invisible Care,Antitranspirante Antimanchas,150ml,Aerosol 150ml,Dove (Unilever),Higiene & Cuidados Pessoais,1,7891150031852,https://www.drogariaspacheco.com.br/desodorante-aerosol-dove-invisible-dry-feminino-150ml/p,https://www.drogariavenancio.com.br/desodorante-antitranspirante-aerosol-dove-invisible-dry-150ml/p,,https://www.drogaraia.com.br/desodorante-dove-invisible-care-aerosol-150ml.html
MED011,Shampoo Elseve Collagen Lifter Encorpador,Colágeno + Ácido Hialurônico,400ml,Frasco 400ml,L'Oréal Paris (Elseve),Cuidados Capilares,1,7899706199413,https://www.drogariaspacheco.com.br/shampoo-elseve-collagen-lifter-encorpador-400ml/p,https://www.drogariavenancio.com.br/shampoo-elseve-collagen-lifter-encorpador-400ml/p,,https://www.drogaraia.com.br/shampoo-elseve-collagen-lifter-encorpador-400ml.html
MED012,Condicionador Elseve Collagen Lifter Encorpador,Colágeno + Ácido Hialurônico,400ml,Frasco 400ml,L'Oréal Paris (Elseve),Cuidados Capilares,1,7899706199420,https://www.drogariaspacheco.com.br/condicionador-loreal-paris-elseve-collagen-lifter-400ml/p,https://www.drogariavenancio.com.br/cond-elseve-colageno-lifter-400ml/p,,https://www.drogaraia.com.br/condicionador-elseve-collagen-lifter-encorpador-400ml.html
MED013,Protetor Solar Facial Isdin Fusion Water Cor Clara,Filtro Solar Facial com Cor Clara,FPS 50,Frasco 50ml,ISDIN,Dermocosméticos,1,8429421838524,https://www.drogariaspacheco.com.br/protetor-solar-facial-isdin-fotoprotetor-fusion-water-color-clara-fps50-50ml/p,https://www.drogariavenancio.com.br/protetor-solar-isdin-fusion-water-color-clara-fps50-50ml/p,,https://www.drogaraia.com.br/isdin-fusion-water-color-fps-60-cor-clara-50ml.html
MED014,Episol Color Tom 2 Claro,Protetor Solar Facial com Cor Tom 2,FPS 70,Bisnaga 40g,Mantecorp Skincare,Dermocosméticos,1,7891142204646,https://www.drogariaspacheco.com.br/protetor-solar-episol-color-tom-2-claro-70-fps-40g/p,https://www.drogariavenancio.com.br/protetor-solar-episol-color-tom-2-claro-fps-70-40ml/p,,https://www.drogaraia.com.br/episol-color-fps-70-tom-2-claro-40g.html
MED015,Shampoo Fortalecedor Pielus Forte 200ml,Biotina + Complexo Antiqueda H-Reverse,200ml,Frasco 200ml,Mantecorp Skincare,Dermocosméticos,1,7891142983565,https://www.drogariaspacheco.com.br/shampoo-fortalecedor-mantecorp-skincare-pielus-forte-200ml/p,https://www.drogariavenancio.com.br/sh-pielus-forte-200ml/p,,https://www.drogaraia.com.br/pielus-forte-shampoo-antiqueda-200ml.html
MED016,Solução Capilar Pielus Forte 120ml,Complexo Antiqueda H-Reverse e Biotina,120ml,Frasco 120ml com aplicador,Mantecorp Skincare,Dermocosméticos,1,7891142983596,https://www.drogariaspacheco.com.br/locao-fortalecedora-capilar-mantecorp-skincare-pielus-forte-120ml/p,https://www.drogariavenancio.com.br/pielus-forte-loc-120ml/p,,https://www.drogaraia.com.br/pielus-forte-solucao-capilar-120ml.html
MED017,Darrow Actine Renov,Ácido Succínico + Niacinamida + Retinol-Like,30ml,Frasco Dosador 30ml,Darrow (Pierre Fabre),Dermocosméticos,1,7898593051410,https://www.drogariaspacheco.com.br/actine-renov-serum-facial-antiacne-darrow-30ml/p,https://www.drogariavenancio.com.br/actine-renov-serum-renovador-facial-anti-idade-30ml/p,,https://www.drogaraia.com.br/actine-renov-serum-facial-30ml.html
MED018,Cera Cutículas Granado,Cera Vegetal e Óleo de Rícino Nutritivo,7g,Pote 7g Linha Pink,Granado,Cuidados Pessoais,1,7896512918880,https://www.drogariaspacheco.com.br/cera-nutritiva-para-unhas-e-cuticulas-granado-pink-7g/p,https://www.drogariavenancio.com.br/cera-nutritiva-unhas-e-cuticulas-granado-pink-7g/p,,https://www.drogaraia.com.br/cera-nutritiva-granado-pink-para-unhas-e-cuticulas-7g.html
MED019,NIVEA Creme Hidratante Lata,Eucerit + Pantenol Hidratante Clássico,56g,Lata Azul Tradicional 56g,Nivea (Beiersdorf),Cuidados Pessoais,1,4005808119028,https://www.drogariaspacheco.com.br/creme-hidratante-nivea-lata-56g/p,https://www.drogariavenancio.com.br/creme-nivea-lata-56g/p,,https://www.drogaraia.com.br/nivea-creme-lata-56g.html
MED020,Gel De Limpeza Facial La Roche Posay Effaclar Concentrado,Ácido Salicílico + LHA + Zinco PCA,150g,Bisnaga 150g,La Roche-Posay,Dermocosméticos,1,7899706138672,https://www.drogariaspacheco.com.br/gel-de-limpeza-facial-effaclar-concentrado-la-roche-posay-150g/p,https://www.drogariavenancio.com.br/gel-de-limpeza-effaclar-concentrado-la-roche-posay-150g/p,,https://www.drogaraia.com.br/la-roche-posay-effaclar-concentrado-gel-de-limpeza-150g.html
MED021,"Sabonete Líquido Íntimo (Nivea, Dermacyd, Intimus)",Ácido Lático e pH Fisiológico,200ml,Frasco 200ml,Nivea / Dermacyd / Intimus,Higiene & Cuidados Pessoais,1,7891035221002,https://www.drogariaspacheco.com.br/sabonete-liquido-intimo-dermacyd-femina-200ml/p,https://www.drogariavenancio.com.br/sabonete-liquido-intimo-dermacyd-neutralize-200ml/p,,https://www.drogaraia.com.br/sabonete-liquido-intimo-dermacyd-200ml.html
MED022,Bup XL (60 comprimidos),Cloridrato de bupropiona,300mg,60 comprimidos,Eurofarma,Similar,1,7891317036973,https://www.drogariaspacheco.com.br/bup-xl-300mg-60-comprimidos/p,https://www.drogariavenancio.com.br/bup-xl-300mg-60-comprimidos/p,,
MED023,Shampoo Fortalecedor Pielus Forte 400ml,Biotina + Complexo Antiqueda H-Reverse,400ml,Frasco 400ml,Mantecorp Skincare,Dermocosméticos,1,7891142983572,https://www.drogariaspacheco.com.br/shampoo-fortalecedor-mantecorp-skincare-pielus-forte-400ml/p,https://www.drogariavenancio.com.br/sh-pielus-forte-400ml/p,,https://www.drogaraia.com.br/pielus-forte-shampoo-antiqueda-400ml.html
MED024,Kit Shampoo Pielus Forte 2 frascos,Biotina + Complexo Antiqueda H-Reverse,2 frascos,Kit com 2 frascos,Mantecorp Skincare,Dermocosméticos,1,,,https://www.drogariavenancio.com.br/kit-shampoo-pielus-forte-400ml-locao-pielus-forte-i1km786466062977/p,,
MED025,Lisador Dip 1g,Dipirona monoidratada,1g,10 comprimidos,Hypera Pharma,Similar,1,7896094916227,https://www.drogariaspacheco.com.br/lisador-dip-1g-10-comprimidos-hypermarcas/p,https://www.drogariavenancio.com.br/lisador-dip-1g-hypera-10-comprimidos/p,,https://www.drogaraia.com.br/lisador-dip-1g-10-comprimidos.html
MED026,Condicionador Elseve Collagen Lifter Encorpador 200ml,Colágeno + Ácido Hialurônico,200ml,Frasco 200ml,L'Oréal Paris (Elseve),Cuidados Capilares,1,7908966527117,https://www.drogariaspacheco.com.br/condicionador-loreal-paris-elseve-collagen-lifter-200ml/p,https://www.drogariavenancio.com.br/cond-elseve-colageno-lifter-200ml/p,,https://www.drogaraia.com.br/condicionador-elseve-collagen-lifter-encorpador-200ml.html
MED027,Desodorante Dove Invisible Care 250ml,Antitranspirante Antimanchas,250ml,Aerosol 250ml,Dove (Unilever),Higiene & Cuidados Pessoais,1,7891150081246,https://www.drogariaspacheco.com.br/desodorante-aerosol-dove-invisible-dry-250ml/p,https://www.drogariavenancio.com.br/desodorante-antitranspirante-aerosol-dove-invisible-dry-250ml/p,,https://www.drogaraia.com.br/desodorante-aerosol-dove-invisible-dry-250ml.html
MED028,Kalist / Dienogeste 2mg 84 comprimidos,Dienogeste,2mg,84 comprimidos,Aché,Similar,1,7896658048265,https://www.drogariaspacheco.com.br/kalist-2mg-ache-84-comprimidos/p,https://www.drogariavenancio.com.br/kalist-2mg-ache-84-comprimidos/p,,https://www.drogaraia.com.br/kalist-2mg-84-comprimidos.html
MED029,Omega 3 Omegafor Plus 120 capsulas,Óleo de Peixe (EPA 990mg / DHA 660mg),1000mg,120 cápsulas,Vitafor,Suplemento / Referência,1,7898949730514,https://www.drogariaspacheco.com.br/omegafor-plus-vitafor-120-capsulas/p,https://www.drogariavenancio.com.br/suplemento-alimentar-vitafor-omegafor-plus-1000mg-120-capsulas-/p,,https://www.drogaraia.com.br/omegafor-plus-vitafor-120-capsulas.html
MED030,Omega 3 Omegafor Plus 240 capsulas,Óleo de Peixe (EPA 990mg / DHA 660mg),1000mg,240 cápsulas,Vitafor,Suplemento / Referência,1,7898665432143,https://www.drogariaspacheco.com.br/omegafor-plus-vitafor-240-capsulas-17e7514798e1y491/p,https://www.drogariavenancio.com.br/omegafor-plus-240-capsulas-vitafor/p,,https://www.drogaraia.com.br/omegafor-plus-vitafor-240-capsulas.html
MED031,Rosuvastatina 5mg 60 comprimidos,Rosuvastatina cálcica,5mg,60 comprimidos,EMS / Medley,Genérico,1,7896004755342,https://www.drogariaspacheco.com.br/rosuvastatina-calcica-5mg-generico-ems-60-comprimidos/p,https://www.drogariavenancio.com.br/rosuvastatina-calcica-5mg-generico-ems-60-comprimidos/p,,https://www.drogaraia.com.br/rosuvastatina-calcica-5mg-ems-60-comprimidos.html
MED032,Shampoo Elseve Collagen Lifter Encorpado 200ml,Colágeno + Ácido Hialurônico,200ml,Frasco 200ml,L'Oréal Paris (Elseve),Cuidados Capilares,1,7908966528404,https://www.drogariaspacheco.com.br/shampoo-loreal-paris-elseve-collagen-lifter-200ml/p,https://www.drogariavenancio.com.br/sh-elseve-colageno-lifter-200ml/p,,https://www.drogaraia.com.br/shampoo-elseve-collagen-lifter-encorpador-200ml.html
MED033,Luftal gotas (simeticona 75 mg/mL) 15ml,Simeticona,75mg/ml,Frasco conta-gotas 15ml,Reckitt Benckiser (Luftal),Referência,1,7896016804915,https://www.drogariaspacheco.com.br/luftal-gotas-15ml-75mg/p,https://www.drogariavenancio.com.br/antigasesluftalgotassimeticona75mg-ml15ml/p,,https://www.drogaraia.com.br/luftal-gotas-15ml.html
MED034,Luftal gotas (simeticona 75 mg/mL) 30ml,Simeticona,75mg/ml,Frasco conta-gotas 30ml,Reckitt Benckiser (Luftal),Referência,1,7896016808302,https://www.drogariaspacheco.com.br/antigases-luftal-75mg-ml-gotas-30ml/p,https://www.drogariavenancio.com.br/luftal-75mg-ml-gotas-30ml/p,,https://www.drogaraia.com.br/luftal-gotas-30ml.html
MED035,Sal de fruta Eno Sachê 5g,Bicarbonato de sódio + Carbonato de sódio + Ácido cítrico,5g,Envelope 5g (Display c/ 2),Haleon (Eno),Referência,2,7896015560027,https://www.drogariaspacheco.com.br/sal-de-fruta-eno-limao-5g-2-envelopes/p,https://www.drogariavenancio.com.br/sal-de-fruta-eno-com-2-envelopes/p,,https://www.drogaraia.com.br/sal-de-fruta-eno-tradicional-2-envelopes.html
MED036,Nivea Sabonete Líquido Creme Care Refil 200ml,Eucerit e Óleos Nutritivos Nivea,200ml,Refil Econômico 200ml,Nivea (Beiersdorf),Higiene & Cuidados Pessoais,1,4005900734082,https://www.drogariaspacheco.com.br/sabonete-liquido-nivea-creme-care-refil-200ml/p,https://www.drogariavenancio.com.br/sab-nivea-creme-care-refil-200ml/p,,https://www.drogaraia.com.br/sabonete-liquido-nivea-creme-care-refil-200ml.html
MED037,Nivea Sabonete em Barra Creme Care 90g,Eucerit e Hidratantes Clássicos,90g,Barra 90g,Nivea (Beiersdorf),Higiene & Cuidados Pessoais,2,4005900294722,https://www.drogariaspacheco.com.br/nivea-sabonete-barra-creme-care-box-90g/p,https://www.drogariavenancio.com.br/sabonete-em-barra-nivea-creme-care-90g/p,,https://www.drogaraia.com.br/sabonete-em-barra-nivea-creme-care-90g.html
MED038,Sabonete Líquido Lux Buquê de Jasmim Refil 200ml,Óleos Florais e Extrato de Jasmim,200ml,Refil 200ml,Lux (Unilever),Higiene & Cuidados Pessoais,1,7891150060241,https://www.drogariaspacheco.com.br/sabonete-liquido-refil-lux-botanicals-buque-de-jasmim-200ml-unilever/p,https://www.drogariavenancio.com.br/sabonete-liquido-lux-buque-de-jasmim-refil-200-ml/p,,https://www.drogaraia.com.br/sabonete-liquido-lux-buque-de-jasmim-refil-200ml.html
MED039,Sabonete Líquido Lux Buquê de Jasmim Refil 500ml,Óleos Florais e Extrato de Jasmim,500ml,Refil 500ml,Lux (Unilever),Higiene & Cuidados Pessoais,1,7891150086043,https://www.drogariaspacheco.com.br/refil-sabonete-liquido-lux-botanicals-capim-limao-500ml/p,https://www.drogariavenancio.com.br/sab-liq-lux-botanicals-jasmim-500ml-refil/p,,https://www.drogaraia.com.br/sabonete-liquido-lux-buque-de-jasmim-refil-500ml.html
MED040,Sabonete Líquido Lux Buquê de Jasmim Refil 900ml,Óleos Florais e Extrato de Jasmim,900ml,Refil Econômico 900ml,Lux (Unilever),Higiene & Cuidados Pessoais,1,7891150095717,https://www.drogariaspacheco.com.br/sabonete-liquido-refil-lux-botanicals-buque-de-jasmim-900ml/p,https://www.drogariavenancio.com.br/sab-liq-lux-botanicals-jasmim-900ml-refil/p,,https://www.drogaraia.com.br/sabonete-liquido-lux-buque-de-jasmim-refil-900ml.html
MED041,Protetor Diário Carefree TodoDia 40 unidades,Protetor Diário Respirável Sem Perfume,40 unidades,Caixa com 40 unidades,Carefree (Kenvue/Johnson),Higiene & Cuidados Pessoais,1,7891010039783,https://www.drogariaspacheco.com.br/absorvente-carefree-brisa-40-unidades/p,https://www.drogariavenancio.com.br/protetor-diario-carefree-tododia-sem-perfume-40-unidades/p,,https://www.drogaraia.com.br/protetor-diario-carefree-tododia-sem-perfume-40-unidades.html
MED042,Protetor Diário Carefree TodoDia 80 unidades,Protetor Diário Respirável Sem Perfume,80 unidades,Caixa Econômica com 80 unidades,Carefree (Kenvue/Johnson),Higiene & Cuidados Pessoais,1,7891010604349,https://www.drogariaspacheco.com.br/protetor-diario-carefree-todo-dia-80-unidades/p,https://www.drogariavenancio.com.br/protetor-diario-carefree-tododia-sem-perfume-80-unidades/p,,https://www.drogaraia.com.br/protetor-diario-carefree-tododia-sem-perfume-80-unidades.html
MED043,Protetor Diário Intimus Cuidado Diário 40 unidades,Protetor Diário sem Abas Controle de Odor,40 unidades,Pacote com 40 unidades,Intimus (Kimberly-Clark),Higiene & Cuidados Pessoais,1,7896007542482,https://www.drogariaspacheco.com.br/absorvente-intimus-days-sem-perfume-40-unidades/p,https://www.drogariavenancio.com.br/protetor-diario-intimus-days-frescor-sem-abas-40-unidades/p,,https://www.drogaraia.com.br/protetor-diario-intimus-cuidado-diario-40-unidades.html
MED044,Protetor Diário Intimus Cuidado Diário 80 unidades,Protetor Diário sem Abas Leve Mais Pague Menos,80 unidades,Pacote Econômico com 80 unidades,Intimus (Kimberly-Clark),Higiene & Cuidados Pessoais,1,7896007546039,https://www.drogariaspacheco.com.br/absorvente-intimus-days-sem-perfume-80-unidades-1/p,https://www.drogariavenancio.com.br/protetor-intimus-s-cuidado-diario-80-pague-60---80-unidades/p,,https://www.drogaraia.com.br/protetor-diario-intimus-cuidado-diario-80-unidades.html
MED045,Pasta de Dente Sensodyne Rápido Alívio 50g,Nitrato de potássio + Fluoreto de sódio,50g,Bisnaga 50g,Sensodyne (Haleon),Higiene & Cuidados Pessoais,1,7896015528294,https://www.drogariaspacheco.com.br/creme-dental-sensodyne-rapido-alivio-50g/p,https://www.drogariavenancio.com.br/creme-dental-sensodyne-rapido-alivio-50g/p,,https://www.drogaraia.com.br/creme-dental-sensodyne-rapido-alivio-50g.html
MED046,Pasta de Dente Sensodyne Rápido Alívio 90g,Nitrato de potássio + Fluoreto de sódio,90g,Bisnaga 90g,Sensodyne (Haleon),Higiene & Cuidados Pessoais,1,7896015528300,https://www.drogariaspacheco.com.br/creme-dental-sensodyne-rapido-alivio-90g/p,https://www.drogariavenancio.com.br/creme-dental-sensodyne-rapido-alivio-90g/p,,https://www.drogaraia.com.br/creme-dental-sensodyne-rapido-alivio-90g.html
MED047,Escova Dental Sensodyne Proteção Completa Macia 1 Unidade,Cerdas Macias para Dentes Sensíveis,1 unidade,Embalagem individual 1 unidade,Sensodyne (Haleon),Higiene & Cuidados Pessoais,1,7794640172960,https://www.drogariaspacheco.com.br/escova-dental-sensodyne-macia-protecao-completa-limpeza-avancada-1-unidade/p,https://www.drogariavenancio.com.br/esc-dent-sensodyne-protecao-completa/p,,https://www.drogaraia.com.br/escova-dental-sensodyne-protecao-completa-macia.html
MED048,Kit Escova Dental Sensodyne Proteção Completa Macia 2 Unidades,Cerdas Macias para Dentes Sensíveis,2 unidades,Pack Econômico com 2 unidades,Sensodyne (Haleon),Higiene & Cuidados Pessoais,1,7794640172373,https://www.drogariaspacheco.com.br/escova-dental-macia-sensodyne-haleon-protecao-completa-2-unidades/p,https://www.drogariavenancio.com.br/esc-dent-sensodyne-protecao-completa-2un/p,,https://www.drogaraia.com.br/escova-dental-sensodyne-protecao-completa-macia-2-unidades.html
MED049,Aciclovir 50mg/g Creme 10g,Aciclovir,50mg/g,Bisnaga 10g,Biosintética / EMS,Genérico,1,7896181901143,https://www.drogariaspacheco.com.br/aciclovir-creme-dermatologico-10g-biosintetica-generico/p,https://www.drogariavenancio.com.br/aciclovir-50mg-biosintetica-creme-10g/p,,https://www.drogaraia.com.br/aciclovir-creme-10g-biosintetica.html
MED050,Antisséptico Tópico Spray 50ml,Cloreto de benzalcônio,50ml,Frasco spray 50ml,Hertz / Merthiolate,Medicamento Isento de Prescrição,1,7896331701104,https://www.drogariaspacheco.com.br/antisseptico-hertz-spray-50ml/p,https://www.drogariavenancio.com.br/antisseptico-spray-50ml/p,,https://www.drogaraia.com.br/merthiolate-antisseptico-spray-50ml.html
MED051,Lacday Long Action 20 comprimidos,Lactase 10.000 U.FCC,10.000 U.FCC,20 comprimidos,EMS,Suplemento / Referência,1,7896004795201,https://www.drogariaspacheco.com.br/lacday-long-action-lactase-10-000-u-fcc-20-comprimidos-revestidos/p,https://www.drogariavenancio.com.br/lacday-long-action-10-000-u-ffc-cobertura-por-ate-8-horas-20-comprimidos-revestidos/p,,https://www.drogaraia.com.br/lacday-long-action-20-comprimidos.html
MED052,20 Bi Probiótico 5 cápsulas,Lactobacillus + Bifidobacterium (20 bilhões UFC),20 bilhões UFC,5 cápsulas,Momenta / Eurofarma,Suplemento / Referência,1,7891317031268,https://www.drogariaspacheco.com.br/probiotico-20-bi-eurofarma-5-capsulas/p,https://www.drogariavenancio.com.br/20-bi-nf-5cap/p,,https://www.drogaraia.com.br/20-bi-5-capsulas-momenta.html
